HR,condition,oscillation
1,BOSC,theta
1,BOSC,theta
1,BOSC,theta
1,BOSC,theta
1,BOSC,theta
1,BOSC,theta
0.950859950859951,BOSC,theta
0.894348894348894,BOSC,theta
0.969287469287469,BOSC,theta
1,BOSC,theta
1,BOSC,theta
1,BOSC,theta
0.968058968058968,BOSC,theta
0.936117936117936,BOSC,theta
0.986486486486487,BOSC,theta
0.976658476658477,BOSC,theta
0.92997542997543,BOSC,theta
0.99017199017199,BOSC,theta
1,BOSC,theta
0.975429975429975,BOSC,theta
1,BOSC,theta
1,BOSC,theta
1,BOSC,theta
1,BOSC,theta
1,BOSC,theta
1,BOSC,theta
1,BOSC,theta
0.996314496314496,BOSC,theta
0.957002457002457,BOSC,theta
1,BOSC,theta
1,BOSC,theta
1,BOSC,theta
1,BOSC,theta
1,BOSC,theta
0.944717444717445,BOSC,theta
1,BOSC,theta
0.945945945945946,BOSC,theta
0.902948402948403,BOSC,theta
0.965601965601966,BOSC,theta
1,BOSC,theta
1,BOSC,theta
1,BOSC,theta
1,BOSC,theta
1,BOSC,theta
1,BOSC,theta
1,BOSC,theta
1,BOSC,theta
1,BOSC,theta
0.954545454545455,BOSC,theta
0.916461916461916,BOSC,theta
0.961916461916462,BOSC,theta
0.890663390663391,BOSC,theta
0.831695331695332,BOSC,theta
0.936117936117936,BOSC,theta
1,BOSC,theta
1,BOSC,theta
1,BOSC,theta
0.912776412776413,BOSC,theta
0.843980343980344,BOSC,theta
0.976658476658477,BOSC,theta
1,BOSC,theta
1,BOSC,theta
1,BOSC,theta
1,BOSC,theta
0.986486486486487,BOSC,theta
1,BOSC,theta
0.941031941031941,BOSC,theta
0.915233415233415,BOSC,theta
0.947174447174447,BOSC,theta
0.984029484029484,BOSC,theta
0.960687960687961,BOSC,theta
0.995085995085995,BOSC,theta
0.99017199017199,BOSC,theta
0.97051597051597,BOSC,theta
1,BOSC,theta
0.965601965601966,BOSC,theta
0.914004914004914,BOSC,theta
0.995085995085995,BOSC,theta
1,BOSC,theta
1,BOSC,theta
1,BOSC,theta
0.77027027027027,BOSC,theta
0.380835380835381,BOSC,theta
0.900491400491401,BOSC,theta
0.952088452088452,BOSC,theta
0.916461916461916,BOSC,theta
0.968058968058968,BOSC,theta
1,BOSC,theta
0.969287469287469,BOSC,theta
1,BOSC,theta
0.976658476658477,BOSC,theta
0.922604422604423,BOSC,theta
0.992628992628993,BOSC,theta
0.808353808353808,BOSC,theta
0.775184275184275,BOSC,theta
0.98034398034398,BOSC,theta
1,BOSC,theta
1,BOSC,theta
1,BOSC,theta
1,BOSC,theta
0.958230958230958,BOSC,theta
1,BOSC,theta
0.923832923832924,BOSC,theta
0.544226044226044,BOSC,theta
0.941031941031941,BOSC,theta
1,BOSC,theta
1,BOSC,theta
1,BOSC,theta
0.880835380835381,BOSC,theta
0.783783783783784,BOSC,theta
0.932432432432432,BOSC,theta
0.953316953316953,BOSC,theta
0.902948402948403,BOSC,theta
0.971744471744472,BOSC,theta
1,BOSC,theta
0.976658476658477,BOSC,theta
1,BOSC,theta
1,BOSC,theta
0.997542997542998,BOSC,theta
1,BOSC,theta
1,BOSC,theta
0.972972972972973,BOSC,theta
1,BOSC,theta
1,BOSC,theta
0.984029484029484,BOSC,theta
1,BOSC,theta
0.915233415233415,BOSC,theta
0.872235872235872,BOSC,theta
0.943488943488944,BOSC,theta
0.974201474201474,BOSC,theta
0.926289926289926,BOSC,theta
0.982800982800983,BOSC,theta
1,BOSC,theta
0.97051597051597,BOSC,theta
1,BOSC,theta
0.899262899262899,BOSC,theta
0.685503685503685,BOSC,theta
0.912776412776413,BOSC,theta
1,BOSC,theta
1,BOSC,theta
1,BOSC,theta
1,BOSC,theta
1,BOSC,theta
1,BOSC,theta
1,BOSC,theta
1,BOSC,theta
1,BOSC,theta
1,BOSC,theta
1,BOSC,theta
1,BOSC,theta
1,BOSC,theta
0.985257985257985,BOSC,theta
1,BOSC,theta
0.993857493857494,BOSC,theta
0.957002457002457,BOSC,theta
1,BOSC,theta
0.977886977886978,BOSC,theta
0.947174447174447,BOSC,theta
0.996314496314496,BOSC,theta
1,BOSC,theta
0.991400491400491,BOSC,theta
1,BOSC,theta
0.959459459459459,BOSC,theta
0.922604422604423,BOSC,theta
0.971744471744472,BOSC,theta
1,BOSC,theta
1,BOSC,theta
1,BOSC,theta
1,BOSC,theta
1,BOSC,theta
1,BOSC,theta
0.960687960687961,BOSC,theta
0.925061425061425,BOSC,theta
0.97051597051597,BOSC,theta
1,BOSC,theta
0.987714987714988,BOSC,theta
1,BOSC,theta
1,BOSC,theta
0.953316953316953,BOSC,theta
1,BOSC,theta
1,BOSC,theta
1,BOSC,theta
1,BOSC,theta
1,BOSC,theta
1,BOSC,theta
1,BOSC,theta
1,BOSC,theta
0.988943488943489,BOSC,theta
1,BOSC,theta
0.944717444717445,BOSC,theta
0.900491400491401,BOSC,theta
0.961916461916462,BOSC,theta
1,BOSC,theta
0.997542997542998,BOSC,theta
1,BOSC,theta
1,BOSC,theta
0.891891891891892,BOSC,theta
1,BOSC,theta
0.798525798525799,BOSC,theta
0.727272727272727,BOSC,theta
0.936117936117936,BOSC,theta
1,BOSC,theta
0.979115479115479,BOSC,theta
1,BOSC,theta
1,BOSC,theta
0.985257985257985,BOSC,theta
1,BOSC,theta
0.968058968058968,BOSC,theta
0.948402948402948,BOSC,theta
0.975429975429975,BOSC,theta
1,BOSC,theta
0.921375921375921,BOSC,theta
1,BOSC,theta
1,BOSC,theta
0.981572481572482,BOSC,theta
1,BOSC,theta
1,BOSC,theta
1,BOSC,theta
1,BOSC,theta
1,BOSC,theta
1,BOSC,theta
1,BOSC,theta
1,BOSC,theta
0.985257985257985,BOSC,theta
1,BOSC,theta
1,BOSC,theta
1,BOSC,theta
1,BOSC,theta
0.960687960687961,BOSC,theta
0.86977886977887,BOSC,theta
0.98034398034398,BOSC,theta
1,BOSC,theta
0.965601965601966,BOSC,theta
1,BOSC,theta
1,BOSC,theta
0.998771498771499,BOSC,theta
1,BOSC,theta
0.815724815724816,BOSC,theta
0.683046683046683,BOSC,theta
0.907862407862408,BOSC,theta
1,BOSC,theta
0.772727272727273,BOSC,theta
1,BOSC,theta
1,BOSC,theta
0.965601965601966,BOSC,theta
1,BOSC,theta
0.992628992628993,BOSC,theta
0.928746928746929,BOSC,theta
1,BOSC,theta
1,BOSC,theta
1,BOSC,theta
1,BOSC,theta
0.986486486486487,BOSC,theta
0.971744471744472,BOSC,theta
0.993857493857494,BOSC,theta
0.868550368550369,BOSC,theta
0.786240786240786,BOSC,theta
0.898034398034398,BOSC,theta
1,BOSC,theta
1,BOSC,theta
1,BOSC,theta
1,BOSC,theta
1,BOSC,theta
1,BOSC,theta
0.905405405405405,BOSC,theta
0.445945945945946,BOSC,theta
0.993857493857494,BOSC,theta
1,BOSC,theta
1,BOSC,theta
1,BOSC,theta
1,BOSC,theta
0.997542997542998,BOSC,theta
1,BOSC,theta
0.964373464373464,BOSC,theta
0.947174447174447,BOSC,theta
0.97051597051597,BOSC,theta
1,BOSC,theta
0.984029484029484,BOSC,theta
1,BOSC,theta
1,BOSC,theta
0.991400491400491,BOSC,theta
1,BOSC,theta
1,BOSC,theta
1,BOSC,theta
1,BOSC,theta
0.544226044226044,BOSC,theta
0.405405405405405,BOSC,theta
0.644963144963145,BOSC,theta
1,BOSC,theta
0.998771498771499,BOSC,theta
1,BOSC,theta
1,BOSC,theta
0.981572481572482,BOSC,theta
1,BOSC,theta
1,BOSC,theta
0.955773955773956,BOSC,theta
1,BOSC,theta
1,BOSC,theta
1,BOSC,theta
1,BOSC,theta
1,BOSC,theta
0.99017199017199,BOSC,theta
1,BOSC,theta
0.982800982800983,BOSC,theta
0.941031941031941,BOSC,theta
1,BOSC,theta
0.984029484029484,BOSC,theta
0.964373464373464,BOSC,theta
0.99017199017199,BOSC,theta
0.964373464373464,BOSC,theta
0.855036855036855,BOSC,theta
1,BOSC,theta
1,BOSC,theta
1,BOSC,theta
1,BOSC,theta
1,BOSC,theta
0.979115479115479,BOSC,theta
1,BOSC,theta
0.99017199017199,BOSC,theta
0.904176904176904,BOSC,theta
0.996314496314496,BOSC,theta
1,BOSC,theta
0.985257985257985,BOSC,theta
1,BOSC,theta
1,BOSC,theta
0.987714987714988,BOSC,theta
1,BOSC,theta
0.998771498771499,BOSC,theta
0.984029484029484,BOSC,theta
1,BOSC,theta
1,BOSC,theta
1,BOSC,theta
1,BOSC,theta
1,BOSC,theta
0.977886977886978,BOSC,theta
1,BOSC,theta
0.995085995085995,BOSC,theta
0.975429975429975,BOSC,theta
1,BOSC,theta
0.84029484029484,BOSC,theta
0.676904176904177,BOSC,theta
0.87960687960688,BOSC,theta
1,BOSC,theta
0.986486486486487,BOSC,theta
1,BOSC,theta
1,BOSC,theta
1,BOSC,theta
1,BOSC,theta
0.97051597051597,BOSC,theta
0.955773955773956,BOSC,theta
0.979115479115479,BOSC,theta
1,BOSC,theta
1,BOSC,theta
1,BOSC,theta
1,BOSC,theta
1,BOSC,theta
1,BOSC,theta
1,BOSC,theta
0.971744471744472,BOSC,theta
1,BOSC,theta
0.97051597051597,BOSC,theta
0.916461916461916,BOSC,theta
0.982800982800983,BOSC,theta
0.995085995085995,BOSC,theta
0.976658476658477,BOSC,theta
1,BOSC,theta
1,BOSC,theta
1,BOSC,theta
1,BOSC,theta
1,BOSC,theta
0.997542997542998,BOSC,theta
1,BOSC,theta
1,BOSC,theta
1,BOSC,theta
1,BOSC,theta
0.842751842751843,BOSC,theta
0.728501228501228,BOSC,theta
0.904176904176904,BOSC,theta
1,BOSC,theta
0.984029484029484,BOSC,theta
1,BOSC,theta
0.992628992628993,BOSC,theta
0.960687960687961,BOSC,theta
1,BOSC,theta
1,BOSC,theta
1,BOSC,theta
1,BOSC,theta
0.986486486486487,BOSC,theta
0.961916461916462,BOSC,theta
0.998771498771499,BOSC,theta
1,BOSC,theta
0.726044226044226,BOSC,theta
1,BOSC,theta
0.984029484029484,BOSC,theta
0.444717444717445,BOSC,theta
0.996314496314496,BOSC,theta
1,BOSC,theta
0.996314496314496,BOSC,theta
1,BOSC,theta
1,BOSC,theta
1,BOSC,theta
1,BOSC,theta
1,BOSC,theta
0.98034398034398,BOSC,theta
1,BOSC,theta
1,BOSC,theta
1,BOSC,theta
1,BOSC,theta
1,BOSC,theta
1,BOSC,theta
1,BOSC,theta
1,BOSC,theta
0.984029484029484,BOSC,theta
1,BOSC,theta
1,BOSC,theta
0.718673218673219,BOSC,theta
1,BOSC,theta
1,BOSC,theta
1,BOSC,theta
1,BOSC,theta
0.993857493857494,BOSC,theta
0.955773955773956,BOSC,theta
1,BOSC,theta
1,BOSC,theta
0.981572481572482,BOSC,theta
1,BOSC,theta
1,BOSC,theta
1,BOSC,theta
1,BOSC,theta
1,BOSC,theta
0.992628992628993,BOSC,theta
1,BOSC,theta
1,BOSC,theta
1,BOSC,theta
1,BOSC,theta
1,BOSC,theta
0.991400491400491,BOSC,theta
1,BOSC,theta
0.728501228501228,BOSC,theta
0.638820638820639,BOSC,theta
0.916461916461916,BOSC,theta
0.926289926289926,BOSC,theta
0.631449631449631,BOSC,theta
0.936117936117936,BOSC,theta
0.918918918918919,BOSC,theta
0.721130221130221,BOSC,theta
0.97051597051597,BOSC,theta
1,BOSC,theta
1,BOSC,theta
1,BOSC,theta
1,BOSC,theta
1,BOSC,theta
1,BOSC,theta
0.918918918918919,BOSC,theta
0.86977886977887,BOSC,theta
0.943488943488944,BOSC,theta
1,BOSC,theta
0.981572481572482,BOSC,theta
1,BOSC,theta
0.974201474201474,BOSC,theta
0.92014742014742,BOSC,theta
0.992628992628993,BOSC,theta
0.950859950859951,BOSC,theta
0.856265356265356,BOSC,theta
0.971744471744472,BOSC,theta
1,BOSC,theta
0.98034398034398,BOSC,theta
1,BOSC,theta
0.963144963144963,BOSC,theta
0.921375921375921,BOSC,theta
0.985257985257985,BOSC,theta
0.991400491400491,BOSC,theta
0.969287469287469,BOSC,theta
1,BOSC,theta
0.995085995085995,BOSC,theta
0.979115479115479,BOSC,theta
1,BOSC,theta
1,BOSC,theta
1,BOSC,theta
1,BOSC,theta
1,BOSC,theta
0.993857493857494,BOSC,theta
1,BOSC,theta
0.912776412776413,BOSC,theta
0.753071253071253,BOSC,theta
0.938574938574939,BOSC,theta
0.857493857493858,BOSC,theta
0.777641277641278,BOSC,theta
0.893120393120393,BOSC,theta
1,BOSC,theta
1,BOSC,theta
1,BOSC,theta
1,BOSC,theta
0.998771498771499,BOSC,theta
1,BOSC,theta
0.986486486486487,BOSC,theta
0.954545454545455,BOSC,theta
1,BOSC,theta
1,BOSC,theta
1,BOSC,theta
1,eBOSC,theta
1,eBOSC,theta
0.972972972972973,eBOSC,theta
1,eBOSC,theta
1,eBOSC,theta
1,eBOSC,theta
1,eBOSC,theta
0.969287469287469,eBOSC,theta
0.948402948402948,eBOSC,theta
0.979115479115479,eBOSC,theta
0.998771498771499,eBOSC,theta
0.963144963144963,eBOSC,theta
1,eBOSC,theta
1,eBOSC,theta
0.984029484029484,eBOSC,theta
1,eBOSC,theta
0.889434889434889,eBOSC,theta
0.815724815724816,eBOSC,theta
0.922604422604423,eBOSC,theta
1,eBOSC,theta
0.997542997542998,eBOSC,theta
1,eBOSC,theta
0.707616707616708,eBOSC,theta
0.520884520884521,eBOSC,theta
0.792383292383292,eBOSC,theta
1,eBOSC,theta
0.971744471744472,eBOSC,theta
1,eBOSC,theta
0.992628992628993,eBOSC,theta
0.931203931203931,eBOSC,theta
1,eBOSC,theta
1,eBOSC,theta
1,eBOSC,theta
1,eBOSC,theta
0.974201474201474,eBOSC,theta
0.686732186732187,eBOSC,theta
1,eBOSC,theta
1,eBOSC,theta
0.98034398034398,eBOSC,theta
1,eBOSC,theta
1,eBOSC,theta
0.948402948402948,eBOSC,theta
1,eBOSC,theta
1,eBOSC,theta
1,eBOSC,theta
1,eBOSC,theta
1,eBOSC,theta
1,eBOSC,theta
1,eBOSC,theta
0.960687960687961,eBOSC,theta
0.93980343980344,eBOSC,theta
0.969287469287469,eBOSC,theta
1,eBOSC,theta
1,eBOSC,theta
1,eBOSC,theta
1,eBOSC,theta
0.977886977886978,eBOSC,theta
1,eBOSC,theta
1,eBOSC,theta
1,eBOSC,theta
1,eBOSC,theta
1,eBOSC,theta
0.996314496314496,eBOSC,theta
1,eBOSC,theta
1,eBOSC,theta
1,eBOSC,theta
1,eBOSC,theta
1,eBOSC,theta
0.986486486486487,eBOSC,theta
1,eBOSC,theta
0.874692874692875,eBOSC,theta
0.733415233415233,eBOSC,theta
0.941031941031941,eBOSC,theta
1,eBOSC,theta
1,eBOSC,theta
1,eBOSC,theta
1,eBOSC,theta
1,eBOSC,theta
1,eBOSC,theta
0.976658476658477,eBOSC,theta
0.928746928746929,eBOSC,theta
0.987714987714988,eBOSC,theta
1,eBOSC,theta
1,eBOSC,theta
1,eBOSC,theta
0.934889434889435,eBOSC,theta
0.900491400491401,eBOSC,theta
0.947174447174447,eBOSC,theta
0.982800982800983,eBOSC,theta
0.964373464373464,eBOSC,theta
0.991400491400491,eBOSC,theta
1,eBOSC,theta
0.984029484029484,eBOSC,theta
1,eBOSC,theta
1,eBOSC,theta
0.98034398034398,eBOSC,theta
1,eBOSC,theta
1,eBOSC,theta
0.862407862407862,eBOSC,theta
1,eBOSC,theta
0.971744471744472,eBOSC,theta
0.931203931203931,eBOSC,theta
0.985257985257985,eBOSC,theta
1,eBOSC,theta
0.996314496314496,eBOSC,theta
1,eBOSC,theta
1,eBOSC,theta
0.991400491400491,eBOSC,theta
1,eBOSC,theta
1,eBOSC,theta
1,eBOSC,theta
1,eBOSC,theta
1,eBOSC,theta
1,eBOSC,theta
1,eBOSC,theta
1,eBOSC,theta
0.982800982800983,eBOSC,theta
1,eBOSC,theta
0.85012285012285,eBOSC,theta
0.798525798525799,eBOSC,theta
0.874692874692875,eBOSC,theta
1,eBOSC,theta
0.987714987714988,eBOSC,theta
1,eBOSC,theta
0.993857493857494,eBOSC,theta
0.972972972972973,eBOSC,theta
1,eBOSC,theta
1,eBOSC,theta
1,eBOSC,theta
1,eBOSC,theta
0.901719901719902,eBOSC,theta
0.724815724815725,eBOSC,theta
0.943488943488944,eBOSC,theta
1,eBOSC,theta
1,eBOSC,theta
1,eBOSC,theta
1,eBOSC,theta
0.959459459459459,eBOSC,theta
1,eBOSC,theta
0.944717444717445,eBOSC,theta
0.907862407862408,eBOSC,theta
0.952088452088452,eBOSC,theta
1,eBOSC,theta
0.995085995085995,eBOSC,theta
1,eBOSC,theta
1,eBOSC,theta
1,eBOSC,theta
1,eBOSC,theta
0.834152334152334,eBOSC,theta
0.43980343980344,eBOSC,theta
0.950859950859951,eBOSC,theta
0.996314496314496,eBOSC,theta
0.979115479115479,eBOSC,theta
1,eBOSC,theta
1,eBOSC,theta
0.99017199017199,eBOSC,theta
1,eBOSC,theta
1,eBOSC,theta
1,eBOSC,theta
1,eBOSC,theta
0.974201474201474,eBOSC,theta
0.92014742014742,eBOSC,theta
0.984029484029484,eBOSC,theta
1,eBOSC,theta
1,eBOSC,theta
1,eBOSC,theta
1,eBOSC,theta
1,eBOSC,theta
1,eBOSC,theta
1,eBOSC,theta
1,eBOSC,theta
1,eBOSC,theta
0.885749385749386,eBOSC,theta
0.578624078624079,eBOSC,theta
0.938574938574939,eBOSC,theta
0.979115479115479,eBOSC,theta
0.825552825552825,eBOSC,theta
0.986486486486487,eBOSC,theta
1,eBOSC,theta
0.975429975429975,eBOSC,theta
1,eBOSC,theta
0.972972972972973,eBOSC,theta
0.658476658476658,eBOSC,theta
1,eBOSC,theta
1,eBOSC,theta
1,eBOSC,theta
1,eBOSC,theta
0.942260442260442,eBOSC,theta
0.878378378378378,eBOSC,theta
0.960687960687961,eBOSC,theta
1,eBOSC,theta
0.995085995085995,eBOSC,theta
1,eBOSC,theta
1,eBOSC,theta
0.986486486486487,eBOSC,theta
1,eBOSC,theta
0.982800982800983,eBOSC,theta
0.894348894348894,eBOSC,theta
0.998771498771499,eBOSC,theta
0.986486486486487,eBOSC,theta
0.941031941031941,eBOSC,theta
1,eBOSC,theta
1,eBOSC,theta
1,eBOSC,theta
1,eBOSC,theta
1,eBOSC,theta
1,eBOSC,theta
1,eBOSC,theta
1,eBOSC,theta
0.883292383292383,eBOSC,theta
1,eBOSC,theta
1,eBOSC,theta
1,eBOSC,theta
1,eBOSC,theta
1,eBOSC,theta
1,eBOSC,theta
1,eBOSC,theta
1,eBOSC,theta
0.986486486486487,eBOSC,theta
1,eBOSC,theta
0.99017199017199,eBOSC,theta
0.971744471744472,eBOSC,theta
0.996314496314496,eBOSC,theta
0.797297297297297,eBOSC,theta
0.418918918918919,eBOSC,theta
0.900491400491401,eBOSC,theta
1,eBOSC,theta
0.969287469287469,eBOSC,theta
1,eBOSC,theta
1,eBOSC,theta
1,eBOSC,theta
1,eBOSC,theta
0.992628992628993,eBOSC,theta
0.950859950859951,eBOSC,theta
1,eBOSC,theta
1,eBOSC,theta
1,eBOSC,theta
1,eBOSC,theta
1,eBOSC,theta
1,eBOSC,theta
1,eBOSC,theta
0.972972972972973,eBOSC,theta
0.590909090909091,eBOSC,theta
0.98034398034398,eBOSC,theta
0.993857493857494,eBOSC,theta
0.94963144963145,eBOSC,theta
1,eBOSC,theta
1,eBOSC,theta
1,eBOSC,theta
1,eBOSC,theta
1,eBOSC,theta
0.986486486486487,eBOSC,theta
1,eBOSC,theta
1,eBOSC,theta
0.997542997542998,eBOSC,theta
1,eBOSC,theta
1,eBOSC,theta
1,eBOSC,theta
1,eBOSC,theta
0.813267813267813,eBOSC,theta
0.627764127764128,eBOSC,theta
0.857493857493858,eBOSC,theta
0.968058968058968,eBOSC,theta
0.893120393120393,eBOSC,theta
0.993857493857494,eBOSC,theta
0.998771498771499,eBOSC,theta
0.98034398034398,eBOSC,theta
1,eBOSC,theta
1,eBOSC,theta
0.976658476658477,eBOSC,theta
1,eBOSC,theta
0.858722358722359,eBOSC,theta
0.802211302211302,eBOSC,theta
0.883292383292383,eBOSC,theta
1,eBOSC,theta
0.987714987714988,eBOSC,theta
1,eBOSC,theta
0.986486486486487,eBOSC,theta
0.966830466830467,eBOSC,theta
0.993857493857494,eBOSC,theta
0.901719901719902,eBOSC,theta
0.813267813267813,eBOSC,theta
0.921375921375921,eBOSC,theta
1,eBOSC,theta
1,eBOSC,theta
1,eBOSC,theta
0.950859950859951,eBOSC,theta
0.927518427518428,eBOSC,theta
0.959459459459459,eBOSC,theta
0.94963144963145,eBOSC,theta
0.864864864864865,eBOSC,theta
0.986486486486487,eBOSC,theta
1,eBOSC,theta
1,eBOSC,theta
1,eBOSC,theta
1,eBOSC,theta
1,eBOSC,theta
1,eBOSC,theta
0.944717444717445,eBOSC,theta
0.825552825552825,eBOSC,theta
0.985257985257985,eBOSC,theta
1,eBOSC,theta
0.954545454545455,eBOSC,theta
1,eBOSC,theta
0.97051597051597,eBOSC,theta
0.943488943488944,eBOSC,theta
0.985257985257985,eBOSC,theta
1,eBOSC,theta
0.819410319410319,eBOSC,theta
1,eBOSC,theta
1,eBOSC,theta
0.981572481572482,eBOSC,theta
1,eBOSC,theta
0.988943488943489,eBOSC,theta
0.965601965601966,eBOSC,theta
1,eBOSC,theta
1,eBOSC,theta
0.975429975429975,eBOSC,theta
1,eBOSC,theta
1,eBOSC,theta
0.959459459459459,eBOSC,theta
1,eBOSC,theta
1,eBOSC,theta
0.991400491400491,eBOSC,theta
1,eBOSC,theta
0.995085995085995,eBOSC,theta
0.960687960687961,eBOSC,theta
1,eBOSC,theta
1,eBOSC,theta
0.984029484029484,eBOSC,theta
1,eBOSC,theta
0.955773955773956,eBOSC,theta
0.915233415233415,eBOSC,theta
0.965601965601966,eBOSC,theta
0.918918918918919,eBOSC,theta
0.798525798525799,eBOSC,theta
0.968058968058968,eBOSC,theta
0.776412776412776,eBOSC,theta
0.751842751842752,eBOSC,theta
0.786240786240786,eBOSC,theta
0.834152334152334,eBOSC,theta
0.711302211302211,eBOSC,theta
0.923832923832924,eBOSC,theta
1,eBOSC,theta
0.99017199017199,eBOSC,theta
1,eBOSC,theta
1,eBOSC,theta
1,eBOSC,theta
1,eBOSC,theta
1,eBOSC,theta
0.800982800982801,eBOSC,theta
1,eBOSC,theta
0.987714987714988,eBOSC,theta
0.952088452088452,eBOSC,theta
1,eBOSC,theta
1,eBOSC,theta
1,eBOSC,theta
1,eBOSC,theta
1,eBOSC,theta
1,eBOSC,theta
1,eBOSC,theta
1,eBOSC,theta
1,eBOSC,theta
1,eBOSC,theta
0.957002457002457,eBOSC,theta
0.915233415233415,eBOSC,theta
0.974201474201474,eBOSC,theta
0.99017199017199,eBOSC,theta
0.958230958230958,eBOSC,theta
1,eBOSC,theta
1,eBOSC,theta
0.986486486486487,eBOSC,theta
1,eBOSC,theta
1,eBOSC,theta
1,eBOSC,theta
1,eBOSC,theta
1,eBOSC,theta
0.995085995085995,eBOSC,theta
1,eBOSC,theta
0.969287469287469,eBOSC,theta
0.950859950859951,eBOSC,theta
0.975429975429975,eBOSC,theta
1,eBOSC,theta
1,eBOSC,theta
1,eBOSC,theta
1,eBOSC,theta
1,eBOSC,theta
1,eBOSC,theta
0.97051597051597,eBOSC,theta
0.926289926289926,eBOSC,theta
0.977886977886978,eBOSC,theta
1,eBOSC,theta
0.992628992628993,eBOSC,theta
1,eBOSC,theta
0.982800982800983,eBOSC,theta
0.945945945945946,eBOSC,theta
0.991400491400491,eBOSC,theta
0.957002457002457,eBOSC,theta
0.904176904176904,eBOSC,theta
0.97051597051597,eBOSC,theta
1,eBOSC,theta
1,eBOSC,theta
1,eBOSC,theta
1,eBOSC,theta
0.968058968058968,eBOSC,theta
1,eBOSC,theta
1,eBOSC,theta
1,eBOSC,theta
1,eBOSC,theta
0.992628992628993,eBOSC,theta
0.972972972972973,eBOSC,theta
1,eBOSC,theta
1,eBOSC,theta
1,eBOSC,theta
1,eBOSC,theta
1,eBOSC,theta
0.943488943488944,eBOSC,theta
1,eBOSC,theta
0.954545454545455,eBOSC,theta
0.786240786240786,eBOSC,theta
0.982800982800983,eBOSC,theta
1,eBOSC,theta
0.945945945945946,eBOSC,theta
1,eBOSC,theta
1,eBOSC,theta
1,eBOSC,theta
1,eBOSC,theta
1,eBOSC,theta
1,eBOSC,theta
1,eBOSC,theta
1,eBOSC,theta
1,eBOSC,theta
1,eBOSC,theta
1,eBOSC,theta
1,eBOSC,theta
1,eBOSC,theta
0.981572481572482,eBOSC,theta
0.954545454545455,eBOSC,theta
0.992628992628993,eBOSC,theta
1,eBOSC,theta
1,eBOSC,theta
1,eBOSC,theta
1,eBOSC,theta
1,eBOSC,theta
1,eBOSC,theta
1,eBOSC,theta
1,eBOSC,theta
1,eBOSC,theta
0.898034398034398,eBOSC,theta
0.590909090909091,eBOSC,theta
0.936117936117936,eBOSC,theta
1,eBOSC,theta
0.988943488943489,eBOSC,theta
1,eBOSC,theta
1,eBOSC,theta
0.977886977886978,eBOSC,theta
1,eBOSC,theta
1,eBOSC,theta
1,eBOSC,theta
1,eBOSC,theta
0.921375921375921,eBOSC,theta
0.765356265356265,eBOSC,theta
0.985257985257985,eBOSC,theta
1,eBOSC,theta
0.713759213759214,eBOSC,theta
1,eBOSC,theta
0.97051597051597,eBOSC,theta
0.912776412776413,eBOSC,theta
0.984029484029484,eBOSC,theta
1,eBOSC,theta
0.979115479115479,eBOSC,theta
1,eBOSC,theta
1,eBOSC,theta
0.976658476658477,eBOSC,theta
1,eBOSC,theta
1,eBOSC,theta
1,eBOSC,theta
1,eBOSC,theta
0.997542997542998,eBOSC,theta
0.972972972972973,eBOSC,theta
1,eBOSC,theta
1,eBOSC,theta
1,eBOSC,theta
1,eBOSC,theta
0.907862407862408,eBOSC,theta
0.523341523341523,eBOSC,theta
0.982800982800983,eBOSC,theta
1,eBOSC,theta
1,eBOSC,theta
1,eBOSC,theta
0.99017199017199,eBOSC,theta
0.707616707616708,eBOSC,theta
1,eBOSC,theta
0.943488943488944,eBOSC,theta
0.904176904176904,eBOSC,theta
0.94963144963145,eBOSC,theta
1,eBOSC,theta
0.997542997542998,eBOSC,theta
1,eBOSC,theta
0.968058968058968,eBOSC,theta
0.7997542997543,fBOSC,theta
1,fBOSC,theta
0.979115479115479,fBOSC,theta
0.936117936117936,fBOSC,theta
0.993857493857494,fBOSC,theta
0.996314496314496,fBOSC,theta
0.975429975429975,fBOSC,theta
1,fBOSC,theta
1,fBOSC,theta
0.964373464373464,fBOSC,theta
1,fBOSC,theta
1,fBOSC,theta
0.874692874692875,fBOSC,theta
1,fBOSC,theta
1,fBOSC,theta
1,fBOSC,theta
1,fBOSC,theta
1,fBOSC,theta
0.628992628992629,fBOSC,theta
1,fBOSC,theta
0.997542997542998,fBOSC,theta
0.97051597051597,fBOSC,theta
1,fBOSC,theta
0.987714987714988,fBOSC,theta
0.97051597051597,fBOSC,theta
0.995085995085995,fBOSC,theta
1,fBOSC,theta
1,fBOSC,theta
1,fBOSC,theta
1,fBOSC,theta
1,fBOSC,theta
1,fBOSC,theta
0.987714987714988,fBOSC,theta
0.955773955773956,fBOSC,theta
1,fBOSC,theta
0.925061425061425,fBOSC,theta
0.825552825552825,fBOSC,theta
0.936117936117936,fBOSC,theta
0.933660933660934,fBOSC,theta
0.603194103194103,fBOSC,theta
0.954545454545455,fBOSC,theta
1,fBOSC,theta
0.998771498771499,fBOSC,theta
1,fBOSC,theta
1,fBOSC,theta
0.985257985257985,fBOSC,theta
1,fBOSC,theta
1,fBOSC,theta
1,fBOSC,theta
1,fBOSC,theta
1,fBOSC,theta
1,fBOSC,theta
1,fBOSC,theta
0.452088452088452,fBOSC,theta
0.291154791154791,fBOSC,theta
0.743243243243243,fBOSC,theta
0.995085995085995,fBOSC,theta
0.975429975429975,fBOSC,theta
1,fBOSC,theta
0.943488943488944,fBOSC,theta
0.91031941031941,fBOSC,theta
0.955773955773956,fBOSC,theta
1,fBOSC,theta
1,fBOSC,theta
1,fBOSC,theta
1,fBOSC,theta
1,fBOSC,theta
1,fBOSC,theta
1,fBOSC,theta
1,fBOSC,theta
1,fBOSC,theta
1,fBOSC,theta
0.99017199017199,fBOSC,theta
1,fBOSC,theta
1,fBOSC,theta
0.986486486486487,fBOSC,theta
1,fBOSC,theta
0.979115479115479,fBOSC,theta
0.899262899262899,fBOSC,theta
0.991400491400491,fBOSC,theta
1,fBOSC,theta
1,fBOSC,theta
1,fBOSC,theta
0.954545454545455,fBOSC,theta
0.912776412776413,fBOSC,theta
0.97051597051597,fBOSC,theta
1,fBOSC,theta
0.954545454545455,fBOSC,theta
1,fBOSC,theta
0.997542997542998,fBOSC,theta
0.972972972972973,fBOSC,theta
1,fBOSC,theta
0.916461916461916,fBOSC,theta
0.848894348894349,fBOSC,theta
0.936117936117936,fBOSC,theta
0.998771498771499,fBOSC,theta
0.909090909090909,fBOSC,theta
1,fBOSC,theta
0.993857493857494,fBOSC,theta
0.948402948402948,fBOSC,theta
1,fBOSC,theta
0.969287469287469,fBOSC,theta
0.948402948402948,fBOSC,theta
0.98034398034398,fBOSC,theta
1,fBOSC,theta
1,fBOSC,theta
1,fBOSC,theta
1,fBOSC,theta
0.993857493857494,fBOSC,theta
1,fBOSC,theta
0.841523341523342,fBOSC,theta
0.782555282555283,fBOSC,theta
0.882063882063882,fBOSC,theta
0.997542997542998,fBOSC,theta
0.959459459459459,fBOSC,theta
1,fBOSC,theta
0.953316953316953,fBOSC,theta
0.894348894348894,fBOSC,theta
0.969287469287469,fBOSC,theta
0.966830466830467,fBOSC,theta
0.933660933660934,fBOSC,theta
0.979115479115479,fBOSC,theta
0.988943488943489,fBOSC,theta
0.961916461916462,fBOSC,theta
1,fBOSC,theta
1,fBOSC,theta
0.97051597051597,fBOSC,theta
1,fBOSC,theta
0.982800982800983,fBOSC,theta
0.938574938574939,fBOSC,theta
1,fBOSC,theta
0.901719901719902,fBOSC,theta
0.578624078624079,fBOSC,theta
0.959459459459459,fBOSC,theta
0.974201474201474,fBOSC,theta
0.934889434889435,fBOSC,theta
0.981572481572482,fBOSC,theta
1,fBOSC,theta
0.954545454545455,fBOSC,theta
1,fBOSC,theta
0.98034398034398,fBOSC,theta
0.947174447174447,fBOSC,theta
0.987714987714988,fBOSC,theta
1,fBOSC,theta
1,fBOSC,theta
1,fBOSC,theta
0.927518427518428,fBOSC,theta
0.777641277641278,fBOSC,theta
0.943488943488944,fBOSC,theta
1,fBOSC,theta
0.981572481572482,fBOSC,theta
1,fBOSC,theta
1,fBOSC,theta
0.915233415233415,fBOSC,theta
1,fBOSC,theta
1,fBOSC,theta
0.966830466830467,fBOSC,theta
1,fBOSC,theta
0.953316953316953,fBOSC,theta
0.871007371007371,fBOSC,theta
0.964373464373464,fBOSC,theta
0.997542997542998,fBOSC,theta
0.963144963144963,fBOSC,theta
1,fBOSC,theta
0.964373464373464,fBOSC,theta
0.925061425061425,fBOSC,theta
0.985257985257985,fBOSC,theta
1,fBOSC,theta
0.985257985257985,fBOSC,theta
1,fBOSC,theta
1,fBOSC,theta
0.945945945945946,fBOSC,theta
1,fBOSC,theta
1,fBOSC,theta
0.972972972972973,fBOSC,theta
1,fBOSC,theta
1,fBOSC,theta
1,fBOSC,theta
1,fBOSC,theta
1,fBOSC,theta
0.98034398034398,fBOSC,theta
1,fBOSC,theta
1,fBOSC,theta
1,fBOSC,theta
1,fBOSC,theta
1,fBOSC,theta
0.981572481572482,fBOSC,theta
1,fBOSC,theta
0.776412776412776,fBOSC,theta
0.679361179361179,fBOSC,theta
0.977886977886978,fBOSC,theta
0.986486486486487,fBOSC,theta
0.964373464373464,fBOSC,theta
0.998771498771499,fBOSC,theta
0.891891891891892,fBOSC,theta
0.64987714987715,fBOSC,theta
0.918918918918919,fBOSC,theta
1,fBOSC,theta
1,fBOSC,theta
1,fBOSC,theta
1,fBOSC,theta
1,fBOSC,theta
1,fBOSC,theta
0.997542997542998,fBOSC,theta
0.965601965601966,fBOSC,theta
1,fBOSC,theta
1,fBOSC,theta
0.972972972972973,fBOSC,theta
1,fBOSC,theta
0.974201474201474,fBOSC,theta
0.922604422604423,fBOSC,theta
0.995085995085995,fBOSC,theta
0.834152334152334,fBOSC,theta
0.815724815724816,fBOSC,theta
0.843980343980344,fBOSC,theta
1,fBOSC,theta
1,fBOSC,theta
1,fBOSC,theta
1,fBOSC,theta
0.995085995085995,fBOSC,theta
1,fBOSC,theta
1,fBOSC,theta
1,fBOSC,theta
1,fBOSC,theta
1,fBOSC,theta
0.982800982800983,fBOSC,theta
1,fBOSC,theta
1,fBOSC,theta
0.988943488943489,fBOSC,theta
1,fBOSC,theta
0.976658476658477,fBOSC,theta
0.925061425061425,fBOSC,theta
0.986486486486487,fBOSC,theta
0.953316953316953,fBOSC,theta
0.87960687960688,fBOSC,theta
0.976658476658477,fBOSC,theta
0.886977886977887,fBOSC,theta
0.778869778869779,fBOSC,theta
0.954545454545455,fBOSC,theta
1,fBOSC,theta
0.948402948402948,fBOSC,theta
1,fBOSC,theta
1,fBOSC,theta
1,fBOSC,theta
1,fBOSC,theta
1,fBOSC,theta
1,fBOSC,theta
1,fBOSC,theta
1,fBOSC,theta
1,fBOSC,theta
1,fBOSC,theta
1,fBOSC,theta
0.996314496314496,fBOSC,theta
1,fBOSC,theta
0.954545454545455,fBOSC,theta
0.842751842751843,fBOSC,theta
0.964373464373464,fBOSC,theta
1,fBOSC,theta
1,fBOSC,theta
1,fBOSC,theta
1,fBOSC,theta
1,fBOSC,theta
1,fBOSC,theta
1,fBOSC,theta
1,fBOSC,theta
1,fBOSC,theta
0.998771498771499,fBOSC,theta
0.895577395577396,fBOSC,theta
1,fBOSC,theta
1,fBOSC,theta
0.986486486486487,fBOSC,theta
1,fBOSC,theta
1,fBOSC,theta
1,fBOSC,theta
1,fBOSC,theta
1,fBOSC,theta
0.995085995085995,fBOSC,theta
1,fBOSC,theta
0.944717444717445,fBOSC,theta
0.895577395577396,fBOSC,theta
0.954545454545455,fBOSC,theta
0.63022113022113,fBOSC,theta
0.573710073710074,fBOSC,theta
0.65970515970516,fBOSC,theta
0.986486486486487,fBOSC,theta
0.961916461916462,fBOSC,theta
0.997542997542998,fBOSC,theta
1,fBOSC,theta
0.993857493857494,fBOSC,theta
1,fBOSC,theta
1,fBOSC,theta
0.974201474201474,fBOSC,theta
1,fBOSC,theta
1,fBOSC,theta
0.998771498771499,fBOSC,theta
1,fBOSC,theta
0.961916461916462,fBOSC,theta
0.759213759213759,fBOSC,theta
0.984029484029484,fBOSC,theta
0.987714987714988,fBOSC,theta
0.950859950859951,fBOSC,theta
1,fBOSC,theta
1,fBOSC,theta
0.99017199017199,fBOSC,theta
1,fBOSC,theta
1,fBOSC,theta
1,fBOSC,theta
1,fBOSC,theta
1,fBOSC,theta
0.971744471744472,fBOSC,theta
1,fBOSC,theta
1,fBOSC,theta
0.992628992628993,fBOSC,theta
1,fBOSC,theta
0.988943488943489,fBOSC,theta
0.958230958230958,fBOSC,theta
1,fBOSC,theta
1,fBOSC,theta
1,fBOSC,theta
1,fBOSC,theta
1,fBOSC,theta
1,fBOSC,theta
1,fBOSC,theta
1,fBOSC,theta
1,fBOSC,theta
1,fBOSC,theta
0.934889434889435,fBOSC,theta
0.893120393120393,fBOSC,theta
0.952088452088452,fBOSC,theta
1,fBOSC,theta
0.993857493857494,fBOSC,theta
1,fBOSC,theta
0.991400491400491,fBOSC,theta
0.766584766584767,fBOSC,theta
1,fBOSC,theta
1,fBOSC,theta
1,fBOSC,theta
1,fBOSC,theta
1,fBOSC,theta
1,fBOSC,theta
1,fBOSC,theta
0.502457002457002,fBOSC,theta
0,fBOSC,theta
0.597051597051597,fBOSC,theta
1,fBOSC,theta
1,fBOSC,theta
1,fBOSC,theta
1,fBOSC,theta
0.988943488943489,fBOSC,theta
1,fBOSC,theta
1,fBOSC,theta
1,fBOSC,theta
1,fBOSC,theta
0.987714987714988,fBOSC,theta
0.872235872235872,fBOSC,theta
1,fBOSC,theta
0.991400491400491,fBOSC,theta
0.92997542997543,fBOSC,theta
1,fBOSC,theta
0.991400491400491,fBOSC,theta
0.950859950859951,fBOSC,theta
1,fBOSC,theta
0.964373464373464,fBOSC,theta
0.906633906633907,fBOSC,theta
0.97051597051597,fBOSC,theta
1,fBOSC,theta
0.997542997542998,fBOSC,theta
1,fBOSC,theta
0.988943488943489,fBOSC,theta
0.7002457002457,fBOSC,theta
1,fBOSC,theta
0.99017199017199,fBOSC,theta
0.966830466830467,fBOSC,theta
1,fBOSC,theta
1,fBOSC,theta
0.975429975429975,fBOSC,theta
1,fBOSC,theta
0.976658476658477,fBOSC,theta
0.916461916461916,fBOSC,theta
0.993857493857494,fBOSC,theta
1,fBOSC,theta
1,fBOSC,theta
1,fBOSC,theta
1,fBOSC,theta
0.961916461916462,fBOSC,theta
1,fBOSC,theta
0.997542997542998,fBOSC,theta
0.964373464373464,fBOSC,theta
1,fBOSC,theta
1,fBOSC,theta
1,fBOSC,theta
1,fBOSC,theta
1,fBOSC,theta
1,fBOSC,theta
1,fBOSC,theta
0.987714987714988,fBOSC,theta
0.824324324324324,fBOSC,theta
1,fBOSC,theta
0.99017199017199,fBOSC,theta
0.945945945945946,fBOSC,theta
1,fBOSC,theta
1,fBOSC,theta
0.997542997542998,fBOSC,theta
1,fBOSC,theta
1,fBOSC,theta
0.987714987714988,fBOSC,theta
1,fBOSC,theta
0.979115479115479,fBOSC,theta
0.965601965601966,fBOSC,theta
0.986486486486487,fBOSC,theta
0.971744471744472,fBOSC,theta
0.91031941031941,fBOSC,theta
0.995085995085995,fBOSC,theta
1,fBOSC,theta
1,fBOSC,theta
1,fBOSC,theta
1,fBOSC,theta
1,fBOSC,theta
1,fBOSC,theta
1,fBOSC,theta
1,fBOSC,theta
1,fBOSC,theta
0.78992628992629,fBOSC,theta
0.583538083538084,fBOSC,theta
0.899262899262899,fBOSC,theta
1,fBOSC,theta
1,fBOSC,theta
1,fBOSC,theta
0.916461916461916,fBOSC,theta
0.845208845208845,fBOSC,theta
0.957002457002457,fBOSC,theta
0.959459459459459,fBOSC,theta
0.506142506142506,fBOSC,theta
0.984029484029484,fBOSC,theta
0.964373464373464,fBOSC,theta
0.923832923832924,fBOSC,theta
0.981572481572482,fBOSC,theta
1,fBOSC,theta
1,fBOSC,theta
1,fBOSC,theta
0.890663390663391,fBOSC,theta
0.819410319410319,fBOSC,theta
0.911547911547912,fBOSC,theta
1,fBOSC,theta
0.991400491400491,fBOSC,theta
1,fBOSC,theta
1,fBOSC,theta
1,fBOSC,theta
1,fBOSC,theta
0.5,fBOSC,theta
0.453316953316953,fBOSC,theta
0.679361179361179,fBOSC,theta
1,fBOSC,theta
0.993857493857494,fBOSC,theta
1,fBOSC,theta
0.866093366093366,fBOSC,theta
0.785012285012285,fBOSC,theta
0.932432432432432,fBOSC,theta
0.982800982800983,fBOSC,theta
0.943488943488944,fBOSC,theta
0.99017199017199,fBOSC,theta
1,fBOSC,theta
0.977886977886978,fBOSC,theta
1,fBOSC,theta
1,fBOSC,theta
0.979115479115479,fBOSC,theta
1,fBOSC,theta
1,fBOSC,theta
0.988943488943489,fBOSC,theta
1,fBOSC,theta
0.988943488943489,fBOSC,theta
0.959459459459459,fBOSC,theta
1,fBOSC,theta
1,fBOSC,theta
1,fBOSC,theta
1,fBOSC,theta
1,fBOSC,theta
1,fBOSC,theta
1,fBOSC,theta
1,fBOSC,theta
1,fBOSC,theta
1,fBOSC,theta
1,fBOSC,theta
1,fBOSC,theta
1,fBOSC,theta
0.982800982800983,fBOSC,theta
0.957002457002457,fBOSC,theta
1,fBOSC,theta
1,fBOSC,theta
1,fBOSC,theta
1,fBOSC,theta
1,fBOSC,theta
0.988943488943489,fBOSC,theta
1,fBOSC,theta
0.921375921375921,fBOSC,theta
0.848894348894349,fBOSC,theta
0.952088452088452,fBOSC,theta
1,fBOSC,theta
1,fBOSC,theta
1,fBOSC,theta
0.995,BOSC,alpha
0.9925,BOSC,alpha
0.99125,BOSC,alpha
0.99375,BOSC,alpha
0.99,BOSC,alpha
0.98875,BOSC,alpha
0.99125,BOSC,alpha
0.99,BOSC,alpha
0.98875,BOSC,alpha
1,BOSC,alpha
1,BOSC,alpha
1,BOSC,alpha
0.9875,BOSC,alpha
0.985,BOSC,alpha
0.985,BOSC,alpha
1,BOSC,alpha
1,BOSC,alpha
1,BOSC,alpha
0.96625,BOSC,alpha
0.95875,BOSC,alpha
0.955,BOSC,alpha
0.98375,BOSC,alpha
0.9825,BOSC,alpha
0.9825,BOSC,alpha
0.9675,BOSC,alpha
0.965,BOSC,alpha
0.965,BOSC,alpha
1,BOSC,alpha
1,BOSC,alpha
1,BOSC,alpha
0.96875,BOSC,alpha
0.96375,BOSC,alpha
0.96125,BOSC,alpha
1,BOSC,alpha
1,BOSC,alpha
1,BOSC,alpha
1,BOSC,alpha
1,BOSC,alpha
1,BOSC,alpha
1,BOSC,alpha
0.9975,BOSC,alpha
0.99625,BOSC,alpha
1,BOSC,alpha
1,BOSC,alpha
1,BOSC,alpha
1,BOSC,alpha
1,BOSC,alpha
1,BOSC,alpha
1,BOSC,alpha
1,BOSC,alpha
1,BOSC,alpha
1,BOSC,alpha
0.99625,BOSC,alpha
0.995,BOSC,alpha
1,BOSC,alpha
1,BOSC,alpha
1,BOSC,alpha
1,BOSC,alpha
1,BOSC,alpha
1,BOSC,alpha
0.98875,BOSC,alpha
0.98625,BOSC,alpha
0.98625,BOSC,alpha
1,BOSC,alpha
0.99875,BOSC,alpha
0.9975,BOSC,alpha
1,BOSC,alpha
1,BOSC,alpha
1,BOSC,alpha
1,BOSC,alpha
1,BOSC,alpha
1,BOSC,alpha
0.99625,BOSC,alpha
0.99375,BOSC,alpha
0.99375,BOSC,alpha
1,BOSC,alpha
1,BOSC,alpha
1,BOSC,alpha
0.9975,BOSC,alpha
0.995,BOSC,alpha
0.99375,BOSC,alpha
1,BOSC,alpha
1,BOSC,alpha
1,BOSC,alpha
1,BOSC,alpha
1,BOSC,alpha
1,BOSC,alpha
1,BOSC,alpha
1,BOSC,alpha
1,BOSC,alpha
1,BOSC,alpha
1,BOSC,alpha
1,BOSC,alpha
1,BOSC,alpha
0.99875,BOSC,alpha
0.99875,BOSC,alpha
1,BOSC,alpha
1,BOSC,alpha
1,BOSC,alpha
1,BOSC,alpha
0.9975,BOSC,alpha
0.9975,BOSC,alpha
1,BOSC,alpha
1,BOSC,alpha
1,BOSC,alpha
1,BOSC,alpha
1,BOSC,alpha
1,BOSC,alpha
1,BOSC,alpha
1,BOSC,alpha
1,BOSC,alpha
0.95375,BOSC,alpha
0.9475,BOSC,alpha
0.94625,BOSC,alpha
0.9975,BOSC,alpha
0.995,BOSC,alpha
0.99375,BOSC,alpha
0.99,BOSC,alpha
0.9875,BOSC,alpha
0.9875,BOSC,alpha
0.97125,BOSC,alpha
0.96375,BOSC,alpha
0.9625,BOSC,alpha
0.995,BOSC,alpha
0.9925,BOSC,alpha
0.9925,BOSC,alpha
1,BOSC,alpha
1,BOSC,alpha
1,BOSC,alpha
0.97,BOSC,alpha
0.96625,BOSC,alpha
0.96375,BOSC,alpha
1,BOSC,alpha
1,BOSC,alpha
1,BOSC,alpha
1,BOSC,alpha
0.9925,BOSC,alpha
0.99,BOSC,alpha
1,BOSC,alpha
1,BOSC,alpha
1,BOSC,alpha
1,BOSC,alpha
0.99875,BOSC,alpha
0.9975,BOSC,alpha
1,BOSC,alpha
1,BOSC,alpha
1,BOSC,alpha
1,BOSC,alpha
1,BOSC,alpha
1,BOSC,alpha
1,BOSC,alpha
1,BOSC,alpha
1,BOSC,alpha
1,BOSC,alpha
1,BOSC,alpha
1,BOSC,alpha
1,BOSC,alpha
1,BOSC,alpha
1,BOSC,alpha
1,BOSC,alpha
1,BOSC,alpha
1,BOSC,alpha
1,BOSC,alpha
1,BOSC,alpha
1,BOSC,alpha
1,BOSC,alpha
0.99875,BOSC,alpha
0.99875,BOSC,alpha
1,BOSC,alpha
1,BOSC,alpha
1,BOSC,alpha
0.9525,BOSC,alpha
0.935,BOSC,alpha
0.93,BOSC,alpha
1,BOSC,alpha
1,BOSC,alpha
1,BOSC,alpha
1,BOSC,alpha
1,BOSC,alpha
1,BOSC,alpha
1,BOSC,alpha
1,BOSC,alpha
1,BOSC,alpha
1,BOSC,alpha
1,BOSC,alpha
1,BOSC,alpha
0.9925,BOSC,alpha
0.98875,BOSC,alpha
0.9875,BOSC,alpha
1,BOSC,alpha
1,BOSC,alpha
1,BOSC,alpha
1,BOSC,alpha
1,BOSC,alpha
1,BOSC,alpha
1,BOSC,alpha
1,BOSC,alpha
1,BOSC,alpha
1,BOSC,alpha
1,BOSC,alpha
1,BOSC,alpha
1,BOSC,alpha
0.99875,BOSC,alpha
0.99875,BOSC,alpha
1,BOSC,alpha
1,BOSC,alpha
1,BOSC,alpha
0.97125,BOSC,alpha
0.96375,BOSC,alpha
0.96125,BOSC,alpha
0.99375,BOSC,alpha
0.9925,BOSC,alpha
0.9925,BOSC,alpha
1,BOSC,alpha
1,BOSC,alpha
1,BOSC,alpha
1,BOSC,alpha
1,BOSC,alpha
1,BOSC,alpha
0.965,BOSC,alpha
0.96125,BOSC,alpha
0.96,BOSC,alpha
0.99375,BOSC,alpha
0.9925,BOSC,alpha
0.9925,BOSC,alpha
1,BOSC,alpha
1,BOSC,alpha
1,BOSC,alpha
1,BOSC,alpha
1,BOSC,alpha
1,BOSC,alpha
1,BOSC,alpha
1,BOSC,alpha
1,BOSC,alpha
1,BOSC,alpha
1,BOSC,alpha
1,BOSC,alpha
1,BOSC,alpha
1,BOSC,alpha
1,BOSC,alpha
1,BOSC,alpha
1,BOSC,alpha
1,BOSC,alpha
0.99375,BOSC,alpha
0.99,BOSC,alpha
0.98875,BOSC,alpha
1,BOSC,alpha
1,BOSC,alpha
1,BOSC,alpha
1,BOSC,alpha
1,BOSC,alpha
1,BOSC,alpha
1,BOSC,alpha
1,BOSC,alpha
1,BOSC,alpha
0.99375,BOSC,alpha
0.98875,BOSC,alpha
0.9875,BOSC,alpha
1,BOSC,alpha
1,BOSC,alpha
1,BOSC,alpha
0.99875,BOSC,alpha
0.9975,BOSC,alpha
0.9975,BOSC,alpha
1,BOSC,alpha
1,BOSC,alpha
1,BOSC,alpha
1,BOSC,alpha
1,BOSC,alpha
1,BOSC,alpha
0.965,BOSC,alpha
0.95125,BOSC,alpha
0.9475,BOSC,alpha
1,BOSC,alpha
1,BOSC,alpha
1,BOSC,alpha
1,BOSC,alpha
1,BOSC,alpha
1,BOSC,alpha
1,BOSC,alpha
1,BOSC,alpha
1,BOSC,alpha
1,BOSC,alpha
0.9875,BOSC,alpha
0.98375,BOSC,alpha
0.9875,BOSC,alpha
0.97375,BOSC,alpha
0.9675,BOSC,alpha
1,BOSC,alpha
1,BOSC,alpha
1,BOSC,alpha
1,BOSC,alpha
1,BOSC,alpha
1,BOSC,alpha
1,BOSC,alpha
1,BOSC,alpha
1,BOSC,alpha
1,BOSC,alpha
1,BOSC,alpha
1,BOSC,alpha
1,BOSC,alpha
1,BOSC,alpha
1,BOSC,alpha
1,BOSC,alpha
1,BOSC,alpha
1,BOSC,alpha
1,BOSC,alpha
1,BOSC,alpha
1,BOSC,alpha
1,BOSC,alpha
1,BOSC,alpha
1,BOSC,alpha
0.97875,BOSC,alpha
0.97,BOSC,alpha
0.94625,BOSC,alpha
1,BOSC,alpha
1,BOSC,alpha
1,BOSC,alpha
1,BOSC,alpha
1,BOSC,alpha
1,BOSC,alpha
1,BOSC,alpha
1,BOSC,alpha
1,BOSC,alpha
1,BOSC,alpha
1,BOSC,alpha
1,BOSC,alpha
1,BOSC,alpha
1,BOSC,alpha
1,BOSC,alpha
1,BOSC,alpha
1,BOSC,alpha
1,BOSC,alpha
1,BOSC,alpha
1,BOSC,alpha
1,BOSC,alpha
1,BOSC,alpha
1,BOSC,alpha
1,BOSC,alpha
1,BOSC,alpha
1,BOSC,alpha
1,BOSC,alpha
1,BOSC,alpha
1,BOSC,alpha
1,BOSC,alpha
1,BOSC,alpha
1,BOSC,alpha
1,BOSC,alpha
1,BOSC,alpha
1,BOSC,alpha
1,BOSC,alpha
1,BOSC,alpha
1,BOSC,alpha
1,BOSC,alpha
0.91625,BOSC,alpha
0.91,BOSC,alpha
0.90875,BOSC,alpha
1,BOSC,alpha
1,BOSC,alpha
1,BOSC,alpha
1,BOSC,alpha
1,BOSC,alpha
1,BOSC,alpha
1,BOSC,alpha
1,BOSC,alpha
1,BOSC,alpha
1,BOSC,alpha
1,BOSC,alpha
1,BOSC,alpha
0.985,BOSC,alpha
0.9825,BOSC,alpha
0.98125,BOSC,alpha
1,BOSC,alpha
1,BOSC,alpha
1,BOSC,alpha
1,BOSC,alpha
1,BOSC,alpha
1,BOSC,alpha
0.99,BOSC,alpha
0.98875,BOSC,alpha
0.9875,BOSC,alpha
1,BOSC,alpha
1,BOSC,alpha
1,BOSC,alpha
0.99875,BOSC,alpha
0.99625,BOSC,alpha
0.995,BOSC,alpha
1,BOSC,alpha
1,BOSC,alpha
1,BOSC,alpha
1,BOSC,alpha
1,BOSC,alpha
1,BOSC,alpha
1,BOSC,alpha
1,BOSC,alpha
1,BOSC,alpha
0.995,BOSC,alpha
0.9775,BOSC,alpha
0.97375,BOSC,alpha
1,BOSC,alpha
1,BOSC,alpha
1,BOSC,alpha
0.99875,BOSC,alpha
0.99625,BOSC,alpha
0.99625,BOSC,alpha
1,BOSC,alpha
0.99875,BOSC,alpha
0.99875,BOSC,alpha
1,BOSC,alpha
0.9975,BOSC,alpha
0.99625,BOSC,alpha
0.9975,BOSC,alpha
0.99625,BOSC,alpha
0.99625,BOSC,alpha
1,BOSC,alpha
1,BOSC,alpha
1,BOSC,alpha
1,BOSC,alpha
1,BOSC,alpha
1,BOSC,alpha
1,BOSC,alpha
1,BOSC,alpha
1,BOSC,alpha
1,BOSC,alpha
1,BOSC,alpha
1,BOSC,alpha
1,BOSC,alpha
1,BOSC,alpha
1,BOSC,alpha
1,BOSC,alpha
0.99625,BOSC,alpha
0.99625,BOSC,alpha
0.9825,BOSC,alpha
0.98125,BOSC,alpha
0.98,BOSC,alpha
1,BOSC,alpha
1,BOSC,alpha
1,BOSC,alpha
0.9725,BOSC,alpha
0.97,BOSC,alpha
0.96875,BOSC,alpha
1,BOSC,alpha
1,BOSC,alpha
1,BOSC,alpha
1,BOSC,alpha
1,BOSC,alpha
1,BOSC,alpha
1,BOSC,alpha
1,BOSC,alpha
1,BOSC,alpha
1,BOSC,alpha
1,BOSC,alpha
1,BOSC,alpha
1,BOSC,alpha
1,BOSC,alpha
1,BOSC,alpha
1,BOSC,alpha
1,BOSC,alpha
1,BOSC,alpha
0.98,BOSC,alpha
0.9775,BOSC,alpha
0.97625,BOSC,alpha
0.9975,BOSC,alpha
0.99625,BOSC,alpha
0.995,BOSC,alpha
0.9875,BOSC,alpha
0.985,BOSC,alpha
0.985,BOSC,alpha
1,BOSC,alpha
1,BOSC,alpha
1,BOSC,alpha
0.92625,BOSC,alpha
0.925,BOSC,alpha
0.92375,BOSC,alpha
1,BOSC,alpha
1,BOSC,alpha
1,BOSC,alpha
1,BOSC,alpha
1,BOSC,alpha
1,BOSC,alpha
0.995,BOSC,alpha
0.9925,BOSC,alpha
0.99125,BOSC,alpha
0.99625,BOSC,alpha
0.9925,BOSC,alpha
0.9925,BOSC,alpha
1,BOSC,alpha
1,BOSC,alpha
1,BOSC,alpha
1,BOSC,alpha
1,BOSC,alpha
1,BOSC,alpha
1,BOSC,alpha
1,BOSC,alpha
1,BOSC,alpha
0.995,BOSC,alpha
0.9925,BOSC,alpha
0.9925,BOSC,alpha
0.9875,BOSC,alpha
0.985,BOSC,alpha
0.98375,eBOSC,alpha
1,eBOSC,alpha
1,eBOSC,alpha
1,eBOSC,alpha
1,eBOSC,alpha
1,eBOSC,alpha
1,eBOSC,alpha
0.9675,eBOSC,alpha
0.96375,eBOSC,alpha
0.96375,eBOSC,alpha
0.99375,eBOSC,alpha
0.99125,eBOSC,alpha
0.99125,eBOSC,alpha
0.99875,eBOSC,alpha
0.99625,eBOSC,alpha
0.99625,eBOSC,alpha
1,eBOSC,alpha
1,eBOSC,alpha
1,eBOSC,alpha
1,eBOSC,alpha
1,eBOSC,alpha
1,eBOSC,alpha
1,eBOSC,alpha
1,eBOSC,alpha
1,eBOSC,alpha
1,eBOSC,alpha
1,eBOSC,alpha
1,eBOSC,alpha
0.98625,eBOSC,alpha
0.98125,eBOSC,alpha
0.97875,eBOSC,alpha
0.99625,eBOSC,alpha
0.995,eBOSC,alpha
0.99375,eBOSC,alpha
1,eBOSC,alpha
1,eBOSC,alpha
1,eBOSC,alpha
1,eBOSC,alpha
1,eBOSC,alpha
0.9975,eBOSC,alpha
0.98375,eBOSC,alpha
0.98125,eBOSC,alpha
0.98125,eBOSC,alpha
1,eBOSC,alpha
1,eBOSC,alpha
1,eBOSC,alpha
1,eBOSC,alpha
1,eBOSC,alpha
1,eBOSC,alpha
0.9975,eBOSC,alpha
0.995,eBOSC,alpha
0.99375,eBOSC,alpha
1,eBOSC,alpha
1,eBOSC,alpha
1,eBOSC,alpha
0.99125,eBOSC,alpha
0.98875,eBOSC,alpha
0.9875,eBOSC,alpha
0.9925,eBOSC,alpha
0.9875,eBOSC,alpha
0.98625,eBOSC,alpha
1,eBOSC,alpha
1,eBOSC,alpha
1,eBOSC,alpha
1,eBOSC,alpha
1,eBOSC,alpha
1,eBOSC,alpha
1,eBOSC,alpha
1,eBOSC,alpha
1,eBOSC,alpha
1,eBOSC,alpha
1,eBOSC,alpha
1,eBOSC,alpha
0.96,eBOSC,alpha
0.95625,eBOSC,alpha
0.955,eBOSC,alpha
1,eBOSC,alpha
1,eBOSC,alpha
1,eBOSC,alpha
1,eBOSC,alpha
1,eBOSC,alpha
1,eBOSC,alpha
1,eBOSC,alpha
1,eBOSC,alpha
1,eBOSC,alpha
0.99625,eBOSC,alpha
0.99125,eBOSC,alpha
0.99,eBOSC,alpha
1,eBOSC,alpha
1,eBOSC,alpha
1,eBOSC,alpha
1,eBOSC,alpha
1,eBOSC,alpha
1,eBOSC,alpha
1,eBOSC,alpha
1,eBOSC,alpha
1,eBOSC,alpha
1,eBOSC,alpha
1,eBOSC,alpha
1,eBOSC,alpha
1,eBOSC,alpha
1,eBOSC,alpha
1,eBOSC,alpha
0.98625,eBOSC,alpha
0.98375,eBOSC,alpha
0.9825,eBOSC,alpha
0.94125,eBOSC,alpha
0.935,eBOSC,alpha
0.9325,eBOSC,alpha
1,eBOSC,alpha
1,eBOSC,alpha
1,eBOSC,alpha
1,eBOSC,alpha
1,eBOSC,alpha
1,eBOSC,alpha
1,eBOSC,alpha
1,eBOSC,alpha
1,eBOSC,alpha
1,eBOSC,alpha
1,eBOSC,alpha
1,eBOSC,alpha
0.985,eBOSC,alpha
0.9825,eBOSC,alpha
0.9825,eBOSC,alpha
1,eBOSC,alpha
1,eBOSC,alpha
1,eBOSC,alpha
1,eBOSC,alpha
1,eBOSC,alpha
1,eBOSC,alpha
1,eBOSC,alpha
1,eBOSC,alpha
1,eBOSC,alpha
0.99,eBOSC,alpha
0.985,eBOSC,alpha
0.9825,eBOSC,alpha
1,eBOSC,alpha
1,eBOSC,alpha
1,eBOSC,alpha
1,eBOSC,alpha
1,eBOSC,alpha
1,eBOSC,alpha
1,eBOSC,alpha
1,eBOSC,alpha
1,eBOSC,alpha
1,eBOSC,alpha
1,eBOSC,alpha
1,eBOSC,alpha
1,eBOSC,alpha
0.99875,eBOSC,alpha
0.99875,eBOSC,alpha
1,eBOSC,alpha
1,eBOSC,alpha
1,eBOSC,alpha
1,eBOSC,alpha
1,eBOSC,alpha
1,eBOSC,alpha
1,eBOSC,alpha
1,eBOSC,alpha
1,eBOSC,alpha
1,eBOSC,alpha
1,eBOSC,alpha
1,eBOSC,alpha
1,eBOSC,alpha
1,eBOSC,alpha
1,eBOSC,alpha
1,eBOSC,alpha
1,eBOSC,alpha
1,eBOSC,alpha
0.9925,eBOSC,alpha
0.99,eBOSC,alpha
0.98875,eBOSC,alpha
0.985,eBOSC,alpha
0.9825,eBOSC,alpha
0.9825,eBOSC,alpha
1,eBOSC,alpha
1,eBOSC,alpha
1,eBOSC,alpha
1,eBOSC,alpha
1,eBOSC,alpha
1,eBOSC,alpha
1,eBOSC,alpha
0.98625,eBOSC,alpha
0.98375,eBOSC,alpha
1,eBOSC,alpha
1,eBOSC,alpha
1,eBOSC,alpha
0.995,eBOSC,alpha
0.98875,eBOSC,alpha
0.9875,eBOSC,alpha
1,eBOSC,alpha
0.98625,eBOSC,alpha
0.98375,eBOSC,alpha
0.99125,eBOSC,alpha
0.9875,eBOSC,alpha
0.9875,eBOSC,alpha
1,eBOSC,alpha
0.9975,eBOSC,alpha
0.9975,eBOSC,alpha
0.9975,eBOSC,alpha
0.995,eBOSC,alpha
0.995,eBOSC,alpha
1,eBOSC,alpha
1,eBOSC,alpha
1,eBOSC,alpha
1,eBOSC,alpha
1,eBOSC,alpha
1,eBOSC,alpha
1,eBOSC,alpha
1,eBOSC,alpha
1,eBOSC,alpha
0.98,eBOSC,alpha
0.9775,eBOSC,alpha
0.97625,eBOSC,alpha
0.99,eBOSC,alpha
0.9875,eBOSC,alpha
0.98625,eBOSC,alpha
1,eBOSC,alpha
1,eBOSC,alpha
1,eBOSC,alpha
0.98625,eBOSC,alpha
0.985,eBOSC,alpha
0.98375,eBOSC,alpha
1,eBOSC,alpha
1,eBOSC,alpha
1,eBOSC,alpha
1,eBOSC,alpha
1,eBOSC,alpha
1,eBOSC,alpha
1,eBOSC,alpha
1,eBOSC,alpha
0.99875,eBOSC,alpha
0.99625,eBOSC,alpha
0.99375,eBOSC,alpha
0.99375,eBOSC,alpha
1,eBOSC,alpha
1,eBOSC,alpha
1,eBOSC,alpha
1,eBOSC,alpha
1,eBOSC,alpha
1,eBOSC,alpha
1,eBOSC,alpha
0.9975,eBOSC,alpha
0.995,eBOSC,alpha
1,eBOSC,alpha
1,eBOSC,alpha
1,eBOSC,alpha
1,eBOSC,alpha
1,eBOSC,alpha
1,eBOSC,alpha
0.985,eBOSC,alpha
0.9825,eBOSC,alpha
0.9825,eBOSC,alpha
0.98,eBOSC,alpha
0.97625,eBOSC,alpha
0.97375,eBOSC,alpha
0.985,eBOSC,alpha
0.98,eBOSC,alpha
0.97875,eBOSC,alpha
0.985,eBOSC,alpha
0.9825,eBOSC,alpha
0.98125,eBOSC,alpha
1,eBOSC,alpha
1,eBOSC,alpha
1,eBOSC,alpha
1,eBOSC,alpha
1,eBOSC,alpha
0.99875,eBOSC,alpha
1,eBOSC,alpha
1,eBOSC,alpha
1,eBOSC,alpha
1,eBOSC,alpha
1,eBOSC,alpha
1,eBOSC,alpha
0.9925,eBOSC,alpha
0.98875,eBOSC,alpha
0.9875,eBOSC,alpha
1,eBOSC,alpha
1,eBOSC,alpha
1,eBOSC,alpha
1,eBOSC,alpha
1,eBOSC,alpha
1,eBOSC,alpha
0.99875,eBOSC,alpha
0.99625,eBOSC,alpha
0.99625,eBOSC,alpha
0.9925,eBOSC,alpha
0.99,eBOSC,alpha
0.99,eBOSC,alpha
0.9975,eBOSC,alpha
0.995,eBOSC,alpha
0.99375,eBOSC,alpha
0.9975,eBOSC,alpha
0.995,eBOSC,alpha
0.9925,eBOSC,alpha
1,eBOSC,alpha
1,eBOSC,alpha
1,eBOSC,alpha
1,eBOSC,alpha
0.99875,eBOSC,alpha
0.99875,eBOSC,alpha
1,eBOSC,alpha
1,eBOSC,alpha
1,eBOSC,alpha
0.99625,eBOSC,alpha
0.9925,eBOSC,alpha
0.9925,eBOSC,alpha
0.9975,eBOSC,alpha
0.995,eBOSC,alpha
0.99375,eBOSC,alpha
0.9925,eBOSC,alpha
0.99125,eBOSC,alpha
0.99,eBOSC,alpha
1,eBOSC,alpha
1,eBOSC,alpha
1,eBOSC,alpha
1,eBOSC,alpha
1,eBOSC,alpha
1,eBOSC,alpha
1,eBOSC,alpha
1,eBOSC,alpha
1,eBOSC,alpha
1,eBOSC,alpha
1,eBOSC,alpha
1,eBOSC,alpha
1,eBOSC,alpha
1,eBOSC,alpha
1,eBOSC,alpha
0.99875,eBOSC,alpha
0.9975,eBOSC,alpha
0.9975,eBOSC,alpha
1,eBOSC,alpha
1,eBOSC,alpha
1,eBOSC,alpha
1,eBOSC,alpha
1,eBOSC,alpha
1,eBOSC,alpha
1,eBOSC,alpha
1,eBOSC,alpha
1,eBOSC,alpha
0.9525,eBOSC,alpha
0.945,eBOSC,alpha
0.9425,eBOSC,alpha
1,eBOSC,alpha
1,eBOSC,alpha
1,eBOSC,alpha
0.96625,eBOSC,alpha
0.96125,eBOSC,alpha
0.96125,eBOSC,alpha
1,eBOSC,alpha
1,eBOSC,alpha
1,eBOSC,alpha
0.99375,eBOSC,alpha
0.9925,eBOSC,alpha
0.9925,eBOSC,alpha
0.99625,eBOSC,alpha
0.995,eBOSC,alpha
0.99375,eBOSC,alpha
1,eBOSC,alpha
1,eBOSC,alpha
1,eBOSC,alpha
0.9825,eBOSC,alpha
0.98,eBOSC,alpha
0.98,eBOSC,alpha
1,eBOSC,alpha
1,eBOSC,alpha
1,eBOSC,alpha
1,eBOSC,alpha
1,eBOSC,alpha
1,eBOSC,alpha
1,eBOSC,alpha
1,eBOSC,alpha
1,eBOSC,alpha
0.99875,eBOSC,alpha
0.9975,eBOSC,alpha
0.9975,eBOSC,alpha
1,eBOSC,alpha
0.99875,eBOSC,alpha
0.9975,eBOSC,alpha
1,eBOSC,alpha
1,eBOSC,alpha
1,eBOSC,alpha
0.9975,eBOSC,alpha
0.99625,eBOSC,alpha
0.995,eBOSC,alpha
1,eBOSC,alpha
1,eBOSC,alpha
1,eBOSC,alpha
1,eBOSC,alpha
1,eBOSC,alpha
1,eBOSC,alpha
1,eBOSC,alpha
1,eBOSC,alpha
1,eBOSC,alpha
0.9625,eBOSC,alpha
0.95625,eBOSC,alpha
0.955,eBOSC,alpha
1,eBOSC,alpha
1,eBOSC,alpha
1,eBOSC,alpha
1,eBOSC,alpha
0.99875,eBOSC,alpha
0.99875,eBOSC,alpha
1,eBOSC,alpha
1,eBOSC,alpha
1,eBOSC,alpha
0.99,eBOSC,alpha
0.98875,eBOSC,alpha
0.9875,eBOSC,alpha
1,eBOSC,alpha
1,eBOSC,alpha
1,eBOSC,alpha
0.99375,eBOSC,alpha
0.99125,eBOSC,alpha
0.99,eBOSC,alpha
1,eBOSC,alpha
0.9975,eBOSC,alpha
0.99625,eBOSC,alpha
1,eBOSC,alpha
0.99875,eBOSC,alpha
0.99875,eBOSC,alpha
1,eBOSC,alpha
1,eBOSC,alpha
1,eBOSC,alpha
1,eBOSC,alpha
1,eBOSC,alpha
1,eBOSC,alpha
1,eBOSC,alpha
1,eBOSC,alpha
1,eBOSC,alpha
1,eBOSC,alpha
1,eBOSC,alpha
1,eBOSC,alpha
0.99875,eBOSC,alpha
0.9925,eBOSC,alpha
0.9925,eBOSC,alpha
1,eBOSC,alpha
1,eBOSC,alpha
1,eBOSC,alpha
1,eBOSC,alpha
1,eBOSC,alpha
1,eBOSC,alpha
1,eBOSC,alpha
1,eBOSC,alpha
1,eBOSC,alpha
1,eBOSC,alpha
1,eBOSC,alpha
1,eBOSC,alpha
1,eBOSC,alpha
0.99625,eBOSC,alpha
0.99625,eBOSC,alpha
1,eBOSC,alpha
1,eBOSC,alpha
1,eBOSC,alpha
1,eBOSC,alpha
1,eBOSC,alpha
1,eBOSC,alpha
1,eBOSC,alpha
1,eBOSC,alpha
1,eBOSC,alpha
1,eBOSC,alpha
1,eBOSC,alpha
1,eBOSC,alpha
1,eBOSC,alpha
1,eBOSC,alpha
1,eBOSC,alpha
1,eBOSC,alpha
1,eBOSC,alpha
1,eBOSC,alpha
1,eBOSC,alpha
1,eBOSC,alpha
1,eBOSC,alpha
1,eBOSC,alpha
1,eBOSC,alpha
1,eBOSC,alpha
1,eBOSC,alpha
1,eBOSC,alpha
1,eBOSC,alpha
1,eBOSC,alpha
1,eBOSC,alpha
1,eBOSC,alpha
0.9925,eBOSC,alpha
0.99,eBOSC,alpha
0.99,eBOSC,alpha
1,eBOSC,alpha
0.99625,eBOSC,alpha
0.995,eBOSC,alpha
0.9975,eBOSC,alpha
0.995,eBOSC,alpha
0.995,eBOSC,alpha
0.99375,eBOSC,alpha
0.99,eBOSC,alpha
0.99,eBOSC,alpha
1,eBOSC,alpha
1,eBOSC,alpha
1,eBOSC,alpha
1,eBOSC,alpha
1,eBOSC,alpha
1,eBOSC,alpha
1,eBOSC,alpha
0.9775,fBOSC,alpha
0.8975,fBOSC,alpha
1,fBOSC,alpha
1,fBOSC,alpha
1,fBOSC,alpha
0.9975,fBOSC,alpha
0.995,fBOSC,alpha
0.99375,fBOSC,alpha
0.9975,fBOSC,alpha
0.99625,fBOSC,alpha
0.99625,fBOSC,alpha
1,fBOSC,alpha
1,fBOSC,alpha
1,fBOSC,alpha
1,fBOSC,alpha
1,fBOSC,alpha
1,fBOSC,alpha
1,fBOSC,alpha
0.99875,fBOSC,alpha
0.9975,fBOSC,alpha
1,fBOSC,alpha
1,fBOSC,alpha
1,fBOSC,alpha
0.9925,fBOSC,alpha
0.98375,fBOSC,alpha
0.98125,fBOSC,alpha
0.99125,fBOSC,alpha
0.99,fBOSC,alpha
0.98875,fBOSC,alpha
0.98875,fBOSC,alpha
0.98625,fBOSC,alpha
0.98625,fBOSC,alpha
1,fBOSC,alpha
1,fBOSC,alpha
1,fBOSC,alpha
1,fBOSC,alpha
1,fBOSC,alpha
1,fBOSC,alpha
1,fBOSC,alpha
1,fBOSC,alpha
1,fBOSC,alpha
0.9975,fBOSC,alpha
0.995,fBOSC,alpha
0.99375,fBOSC,alpha
1,fBOSC,alpha
1,fBOSC,alpha
1,fBOSC,alpha
1,fBOSC,alpha
1,fBOSC,alpha
1,fBOSC,alpha
1,fBOSC,alpha
1,fBOSC,alpha
1,fBOSC,alpha
1,fBOSC,alpha
0.99875,fBOSC,alpha
0.9975,fBOSC,alpha
1,fBOSC,alpha
1,fBOSC,alpha
1,fBOSC,alpha
1,fBOSC,alpha
1,fBOSC,alpha
1,fBOSC,alpha
1,fBOSC,alpha
1,fBOSC,alpha
1,fBOSC,alpha
1,fBOSC,alpha
1,fBOSC,alpha
1,fBOSC,alpha
1,fBOSC,alpha
1,fBOSC,alpha
1,fBOSC,alpha
1,fBOSC,alpha
1,fBOSC,alpha
1,fBOSC,alpha
0.965,fBOSC,alpha
0.95375,fBOSC,alpha
0.9525,fBOSC,alpha
1,fBOSC,alpha
1,fBOSC,alpha
1,fBOSC,alpha
1,fBOSC,alpha
1,fBOSC,alpha
1,fBOSC,alpha
1,fBOSC,alpha
1,fBOSC,alpha
1,fBOSC,alpha
1,fBOSC,alpha
1,fBOSC,alpha
1,fBOSC,alpha
1,fBOSC,alpha
1,fBOSC,alpha
1,fBOSC,alpha
1,fBOSC,alpha
1,fBOSC,alpha
1,fBOSC,alpha
1,fBOSC,alpha
1,fBOSC,alpha
1,fBOSC,alpha
1,fBOSC,alpha
1,fBOSC,alpha
1,fBOSC,alpha
1,fBOSC,alpha
1,fBOSC,alpha
1,fBOSC,alpha
1,fBOSC,alpha
1,fBOSC,alpha
1,fBOSC,alpha
0.99625,fBOSC,alpha
0.995,fBOSC,alpha
0.995,fBOSC,alpha
1,fBOSC,alpha
1,fBOSC,alpha
1,fBOSC,alpha
1,fBOSC,alpha
1,fBOSC,alpha
1,fBOSC,alpha
1,fBOSC,alpha
1,fBOSC,alpha
1,fBOSC,alpha
1,fBOSC,alpha
1,fBOSC,alpha
1,fBOSC,alpha
1,fBOSC,alpha
1,fBOSC,alpha
1,fBOSC,alpha
1,fBOSC,alpha
1,fBOSC,alpha
1,fBOSC,alpha
1,fBOSC,alpha
1,fBOSC,alpha
1,fBOSC,alpha
1,fBOSC,alpha
1,fBOSC,alpha
1,fBOSC,alpha
1,fBOSC,alpha
1,fBOSC,alpha
1,fBOSC,alpha
1,fBOSC,alpha
1,fBOSC,alpha
1,fBOSC,alpha
1,fBOSC,alpha
0.99875,fBOSC,alpha
0.9975,fBOSC,alpha
1,fBOSC,alpha
1,fBOSC,alpha
1,fBOSC,alpha
1,fBOSC,alpha
1,fBOSC,alpha
1,fBOSC,alpha
1,fBOSC,alpha
1,fBOSC,alpha
1,fBOSC,alpha
1,fBOSC,alpha
1,fBOSC,alpha
1,fBOSC,alpha
1,fBOSC,alpha
1,fBOSC,alpha
1,fBOSC,alpha
0.995,fBOSC,alpha
0.87875,fBOSC,alpha
0.8775,fBOSC,alpha
0.99125,fBOSC,alpha
0.98875,fBOSC,alpha
0.98875,fBOSC,alpha
0.985,fBOSC,alpha
0.9825,fBOSC,alpha
0.98125,fBOSC,alpha
1,fBOSC,alpha
1,fBOSC,alpha
1,fBOSC,alpha
1,fBOSC,alpha
1,fBOSC,alpha
1,fBOSC,alpha
1,fBOSC,alpha
1,fBOSC,alpha
1,fBOSC,alpha
0.985,fBOSC,alpha
0.98,fBOSC,alpha
0.97625,fBOSC,alpha
1,fBOSC,alpha
1,fBOSC,alpha
1,fBOSC,alpha
0.98375,fBOSC,alpha
0.98125,fBOSC,alpha
0.97875,fBOSC,alpha
1,fBOSC,alpha
0.9975,fBOSC,alpha
0.9975,fBOSC,alpha
0.9975,fBOSC,alpha
0.99375,fBOSC,alpha
0.9925,fBOSC,alpha
1,fBOSC,alpha
1,fBOSC,alpha
1,fBOSC,alpha
1,fBOSC,alpha
1,fBOSC,alpha
1,fBOSC,alpha
1,fBOSC,alpha
1,fBOSC,alpha
1,fBOSC,alpha
1,fBOSC,alpha
1,fBOSC,alpha
1,fBOSC,alpha
0.92625,fBOSC,alpha
0.92,fBOSC,alpha
0.91625,fBOSC,alpha
1,fBOSC,alpha
1,fBOSC,alpha
1,fBOSC,alpha
1,fBOSC,alpha
1,fBOSC,alpha
1,fBOSC,alpha
1,fBOSC,alpha
1,fBOSC,alpha
1,fBOSC,alpha
1,fBOSC,alpha
1,fBOSC,alpha
1,fBOSC,alpha
1,fBOSC,alpha
0.9975,fBOSC,alpha
0.99625,fBOSC,alpha
0.99375,fBOSC,alpha
0.99125,fBOSC,alpha
0.99,fBOSC,alpha
1,fBOSC,alpha
0.99625,fBOSC,alpha
0.99375,fBOSC,alpha
0.99375,fBOSC,alpha
0.99125,fBOSC,alpha
0.99125,fBOSC,alpha
1,fBOSC,alpha
1,fBOSC,alpha
1,fBOSC,alpha
1,fBOSC,alpha
1,fBOSC,alpha
1,fBOSC,alpha
1,fBOSC,alpha
1,fBOSC,alpha
1,fBOSC,alpha
1,fBOSC,alpha
1,fBOSC,alpha
1,fBOSC,alpha
1,fBOSC,alpha
1,fBOSC,alpha
1,fBOSC,alpha
1,fBOSC,alpha
1,fBOSC,alpha
1,fBOSC,alpha
1,fBOSC,alpha
1,fBOSC,alpha
1,fBOSC,alpha
0.99875,fBOSC,alpha
0.995,fBOSC,alpha
0.995,fBOSC,alpha
0.96625,fBOSC,alpha
0.95,fBOSC,alpha
0.94125,fBOSC,alpha
0.995,fBOSC,alpha
0.99125,fBOSC,alpha
0.99125,fBOSC,alpha
1,fBOSC,alpha
1,fBOSC,alpha
1,fBOSC,alpha
1,fBOSC,alpha
1,fBOSC,alpha
1,fBOSC,alpha
1,fBOSC,alpha
1,fBOSC,alpha
1,fBOSC,alpha
0.97125,fBOSC,alpha
0.92375,fBOSC,alpha
0.92,fBOSC,alpha
0.9975,fBOSC,alpha
0.99625,fBOSC,alpha
0.995,fBOSC,alpha
0.9925,fBOSC,alpha
0.99,fBOSC,alpha
0.99,fBOSC,alpha
1,fBOSC,alpha
1,fBOSC,alpha
1,fBOSC,alpha
1,fBOSC,alpha
1,fBOSC,alpha
1,fBOSC,alpha
0.99375,fBOSC,alpha
0.99125,fBOSC,alpha
0.99125,fBOSC,alpha
1,fBOSC,alpha
1,fBOSC,alpha
1,fBOSC,alpha
1,fBOSC,alpha
1,fBOSC,alpha
1,fBOSC,alpha
1,fBOSC,alpha
1,fBOSC,alpha
1,fBOSC,alpha
0.98375,fBOSC,alpha
0.98125,fBOSC,alpha
0.98125,fBOSC,alpha
0.9975,fBOSC,alpha
0.99375,fBOSC,alpha
0.9925,fBOSC,alpha
1,fBOSC,alpha
1,fBOSC,alpha
1,fBOSC,alpha
1,fBOSC,alpha
1,fBOSC,alpha
1,fBOSC,alpha
1,fBOSC,alpha
1,fBOSC,alpha
1,fBOSC,alpha
1,fBOSC,alpha
1,fBOSC,alpha
1,fBOSC,alpha
0.995,fBOSC,alpha
0.99125,fBOSC,alpha
0.99125,fBOSC,alpha
1,fBOSC,alpha
1,fBOSC,alpha
1,fBOSC,alpha
1,fBOSC,alpha
1,fBOSC,alpha
1,fBOSC,alpha
1,fBOSC,alpha
1,fBOSC,alpha
1,fBOSC,alpha
0.9975,fBOSC,alpha
0.99625,fBOSC,alpha
0.995,fBOSC,alpha
1,fBOSC,alpha
1,fBOSC,alpha
1,fBOSC,alpha
1,fBOSC,alpha
1,fBOSC,alpha
1,fBOSC,alpha
1,fBOSC,alpha
1,fBOSC,alpha
1,fBOSC,alpha
0.975,fBOSC,alpha
0.96875,fBOSC,alpha
0.9675,fBOSC,alpha
0.99875,fBOSC,alpha
0.99375,fBOSC,alpha
0.99375,fBOSC,alpha
0.93875,fBOSC,alpha
0.89875,fBOSC,alpha
0.89,fBOSC,alpha
1,fBOSC,alpha
1,fBOSC,alpha
1,fBOSC,alpha
1,fBOSC,alpha
1,fBOSC,alpha
1,fBOSC,alpha
0.83875,fBOSC,alpha
0.835,fBOSC,alpha
0.835,fBOSC,alpha
0.99875,fBOSC,alpha
0.99625,fBOSC,alpha
0.99625,fBOSC,alpha
1,fBOSC,alpha
1,fBOSC,alpha
1,fBOSC,alpha
1,fBOSC,alpha
1,fBOSC,alpha
1,fBOSC,alpha
0.99875,fBOSC,alpha
0.995,fBOSC,alpha
0.99375,fBOSC,alpha
1,fBOSC,alpha
1,fBOSC,alpha
1,fBOSC,alpha
1,fBOSC,alpha
1,fBOSC,alpha
1,fBOSC,alpha
0.98875,fBOSC,alpha
0.98625,fBOSC,alpha
0.98625,fBOSC,alpha
0.97375,fBOSC,alpha
0.97,fBOSC,alpha
0.96875,fBOSC,alpha
1,fBOSC,alpha
1,fBOSC,alpha
1,fBOSC,alpha
0.9975,fBOSC,alpha
0.995,fBOSC,alpha
0.995,fBOSC,alpha
1,fBOSC,alpha
1,fBOSC,alpha
1,fBOSC,alpha
1,fBOSC,alpha
1,fBOSC,alpha
1,fBOSC,alpha
1,fBOSC,alpha
1,fBOSC,alpha
1,fBOSC,alpha
1,fBOSC,alpha
1,fBOSC,alpha
1,fBOSC,alpha
1,fBOSC,alpha
1,fBOSC,alpha
1,fBOSC,alpha
1,fBOSC,alpha
1,fBOSC,alpha
1,fBOSC,alpha
1,fBOSC,alpha
1,fBOSC,alpha
1,fBOSC,alpha
0.99875,fBOSC,alpha
0.9975,fBOSC,alpha
0.9975,fBOSC,alpha
1,fBOSC,alpha
0.99875,fBOSC,alpha
0.99875,fBOSC,alpha
1,fBOSC,alpha
1,fBOSC,alpha
1,fBOSC,alpha
1,fBOSC,alpha
0.9975,fBOSC,alpha
0.99625,fBOSC,alpha
1,fBOSC,alpha
1,fBOSC,alpha
1,fBOSC,alpha
1,fBOSC,alpha
1,fBOSC,alpha
1,fBOSC,alpha
0.97375,fBOSC,alpha
0.9475,fBOSC,alpha
0.945,fBOSC,alpha
0.99625,fBOSC,alpha
0.995,fBOSC,alpha
0.99375,fBOSC,alpha
1,fBOSC,alpha
1,fBOSC,alpha
1,fBOSC,alpha
1,fBOSC,alpha
0.9975,fBOSC,alpha
0.99625,fBOSC,alpha
1,fBOSC,alpha
1,fBOSC,alpha
1,fBOSC,alpha
1,fBOSC,alpha
1,fBOSC,alpha
1,fBOSC,alpha
0.99,fBOSC,alpha
0.97625,fBOSC,alpha
0.97125,fBOSC,alpha
0.995,fBOSC,alpha
0.9925,fBOSC,alpha
0.99125,fBOSC,alpha
1,fBOSC,alpha
1,fBOSC,alpha
0.99875,fBOSC,alpha
0.99625,fBOSC,alpha
0.9925,fBOSC,alpha
0.99125,fBOSC,alpha
1,fBOSC,alpha
1,fBOSC,alpha
1,fBOSC,alpha
0.9975,fBOSC,alpha
0.99625,fBOSC,alpha
0.995,fBOSC,alpha
1,fBOSC,alpha
1,fBOSC,alpha
1,fBOSC,alpha
1,fBOSC,alpha
1,fBOSC,alpha
1,fBOSC,alpha
1,fBOSC,alpha
1,fBOSC,alpha
1,fBOSC,alpha
1,fBOSC,alpha
0.9975,fBOSC,alpha
0.995,fBOSC,alpha
1,fBOSC,alpha
1,fBOSC,alpha
1,fBOSC,alpha
1,fBOSC,alpha
1,fBOSC,alpha
1,fBOSC,alpha
0.99125,fBOSC,alpha
0.98625,fBOSC,alpha
0.985,fBOSC,alpha
1,fBOSC,alpha
0.99875,fBOSC,alpha
0.99875,fBOSC,alpha
1,fBOSC,alpha
1,fBOSC,alpha
1,fBOSC,alpha
1,fBOSC,alpha
1,fBOSC,alpha
1,fBOSC,alpha
1,fBOSC,alpha
1,fBOSC,alpha
1,fBOSC,alpha
1,fBOSC,alpha
1,fBOSC,alpha
1,fBOSC,alpha
1,fBOSC,alpha
1,fBOSC,alpha
1,fBOSC,alpha
